{
  "LogName": "添加钻机合成配方",
  "Action": "EditData",
  "Target": "Data/CraftingRecipes",
  "Entries": {
    "Stone Drill": "787 1 86 2 72 2 390 10/Home/{{ModId}}_StoneDrill/true/Mining 1",
    "Clay Drill": "787 1 86 2 72 2 330 10/Home/{{ModId}}_ClayDrill/true/Mining 4",
    "Coal Drill": "787 1 86 2 72 2 382 10/Home/{{ModId}}_CoalDrill/true/Mining 4",
    "Bone Drill": "787 1 86 2 72 2 881 10/Home/{{ModId}}_BoneDrill/true/Mining 6",
    "Omni-Geode Drill": "787 1 86 2 72 2 749 10/Home/{{ModId}}_OmniGeodeDrill/true/Mining 6",
    "Quartz Drill": "787 1 86 2 72 2 338 10/Home/{{ModId}}_QuartzDrill/true/Mining 4",
    "Copper Ore Drill": "787 1 86 2 72 2 334 10/Home/{{ModId}}_CopperOreDrill/true/Mining 5",
    "Iron Ore Drill": "787 1 86 2 72 2 335 10/Home/{{ModId}}_IronOreDrill/true/Mining 5",
    "Gold Ore Drill": "787 1 86 2 72 2 336 10/Home/{{ModId}}_GoldOreDrill/true/Mining 5",
    "Iridium Ore Drill": "787 1 86 2 72 2 337 10/Home/{{ModId}}_IridiumOreDrill/true/Mining 7",
    "Cinder Shard Drill": "787 1 86 2 72 2 848 10/Home/{{ModId}}_CinderShardDrill/true/Mining 8",
    "Radioactive Ore Drill": "787 1 86 2 72 2 910 10/Home/{{ModId}}_RadioactiveOreDrill/true/Mining 9",
    "Prismatic Shard Drill": "787 1 86 2 72 2 74 1/Home/{{ModId}}_PrismaticShardDrill/true/Mining 10"
  }
}
{
  "LogName": "添加钻机到大型可放置物品",
  "Action": "EditData",
  "Target": "Data/BigCraftables",
  "Entries": {
    "{{ModID}}_StoneDrill": {
      "Name": "Stone Drill",
      "DisplayName": "石料钻机",
      "Description": "一台持续开采石头的钻机。",
      "Price": 1000,
      "Texture": "Mods/{{ModID}}/DrillSprites",
      "SpriteIndex": 0,
      "CanBePlacedIndoors": false,
      "CanBePlacedOutdoors": true
    },
    "{{ModID}}_ClayDrill": {
      "Name": "Clay Drill",
      "DisplayName": "粘土钻机",
      "Description": "一台持续开采粘土的钻机。",
      "Price": 1000,
      "Texture": "Mods/{{ModID}}/DrillSprites",
      "SpriteIndex": 7,
      "CanBePlacedIndoors": false,
      "CanBePlacedOutdoors": true
    },
    "{{ModID}}_CoalDrill": {
      "Name": "Coal Drill",
      "DisplayName": "煤炭钻机",
      "Description": "一台持续开采煤炭的钻机。",
      "Price": 1000,
      "Texture": "Mods/{{ModID}}/DrillSprites",
      "SpriteIndex": 14,
      "CanBePlacedIndoors": false,
      "CanBePlacedOutdoors": true
    },
    "{{ModID}}_BoneDrill": {
      "Name": "Bone Drill",
      "DisplayName": "骨头钻机",
      "Description": "一台持续开采骨头碎片的钻机。",
      "Price": 1000,
      "Texture": "Mods/{{ModID}}/DrillSprites",
      "SpriteIndex": 28,
      "CanBePlacedIndoors": false,
      "CanBePlacedOutdoors": true
    },
    "{{ModID}}_OmniGeodeDrill": {
      "Name": "Omni-Geode Drill",
      "DisplayName": "万象晶石钻机",
      "Description": "一台持续开采万象晶石的钻机。",
      "Price": 1000,
      "Texture": "Mods/{{ModID}}/DrillSprites",
      "SpriteIndex": 35,
      "CanBePlacedIndoors": false,
      "CanBePlacedOutdoors": true
    },
    "{{ModID}}_QuartzDrill": {
      "Name": "Quartz Drill",
      "DisplayName": "石英钻机",
      "Description": "一台持续开采石英的钻机。",
      "Price": 1000,
      "Texture": "Mods/{{ModID}}/DrillSprites",
      "SpriteIndex": 21,
      "CanBePlacedIndoors": false,
      "CanBePlacedOutdoors": true
    },
    "{{ModID}}_CopperOreDrill": {
      "Name": "Copper Ore Drill",
      "DisplayName": "铜矿钻机",
      "Description": "一台持续开采铜矿石的钻机。",
      "Price": 1000,
      "Texture": "Mods/{{ModID}}/DrillSprites",
      "SpriteIndex": 42,
      "CanBePlacedIndoors": false,
      "CanBePlacedOutdoors": true
    },
    "{{ModID}}_IronOreDrill": {
      "Name": "Iron Ore Drill",
      "DisplayName": "铁矿钻机",
      "Description": "一台持续开采铁矿石的钻机。",
      "Price": 1000,
      "Texture": "Mods/{{ModID}}/DrillSprites",
      "SpriteIndex": 49,
      "CanBePlacedIndoors": false,
      "CanBePlacedOutdoors": true
    },
    "{{ModID}}_GoldOreDrill": {
      "Name": "Gold Ore Drill",
      "DisplayName": "金矿钻机",
      "Description": "一台持续开采金矿石的钻机。",
      "Price": 1000,
      "Texture": "Mods/{{ModID}}/DrillSprites",
      "SpriteIndex": 56,
      "CanBePlacedIndoors": false,
      "CanBePlacedOutdoors": true
    },
    "{{ModID}}_IridiumOreDrill": {
      "Name": "Iridium Ore Drill",
      "DisplayName": "铱矿钻机",
      "Description": "一台持续开采铱矿石的钻机。",
      "Price": 1000,
      "Texture": "Mods/{{ModID}}/DrillSprites",
      "SpriteIndex": 63,
      "CanBePlacedIndoors": false,
      "CanBePlacedOutdoors": true
    },
    "{{ModID}}_CinderShardDrill": {
      "Name": "Cinder Shard Drill",
      "DisplayName": "灰烬碎片钻机",
      "Description": "一台持续开采灰烬碎片的钻机。",
      "Price": 1000,
      "Texture": "Mods/{{ModID}}/DrillSprites",
      "SpriteIndex": 70,
      "CanBePlacedIndoors": false,
      "CanBePlacedOutdoors": true
    },
    "{{ModID}}_RadioactiveOreDrill": {
      "Name": "Radioactive Ore Drill",
      "DisplayName": "放射性矿石钻机",
      "Description": "一台持续开采放射性矿石的钻机。",
      "Price": 1000,
      "Texture": "Mods/{{ModID}}/DrillSprites",
      "SpriteIndex": 77,
      "CanBePlacedIndoors": false,
      "CanBePlacedOutdoors": true
    },
    "{{ModID}}_PrismaticShardDrill": {
      "Name": "Prismatic Shard Drill",
      "DisplayName": "五彩碎片钻机",
      "Description": "一台持续开采五彩碎片的钻机。",
      "Price": 1000,
      "Texture": "Mods/{{ModID}}/DrillSprites",
      "SpriteIndex": 84,
      "CanBePlacedIndoors": false,
      "CanBePlacedOutdoors": true
    }
  }
}